Taxonomy_highest	Taxonomy_genus
Firmicutes	Abiotrophia
Acidobacteria	Acanthopleuribacter
Actinobacteria	Acaricomes
Cyanobacteria	Acaryochloris
Firmicutes	Acetanaerobacterium
Firmicutes	Acetitomaculum
Firmicutes	Acetivibrio
Proteobacteria	Acetobacter
Firmicutes	Acetobacterium
Firmicutes	Acetohalobium
Firmicutes	Acetonema
Tenericutes	Acholeplasma
Proteobacteria	Achromatium
Proteobacteria	Achromobacter
Firmicutes	Acidaminobacter
Firmicutes	Acidaminococcus
Crenarchaeota	Acidianus
Proteobacteria	Acidicaldus
Acidobacteria	Acidicapsa
Proteobacteria	Acidiferrobacter
Crenarchaeota	Acidilobus
Actinobacteria	Acidimicrobium
Proteobacteria	Acidiphilium
Euryarchaeota	Acidiplasma
Proteobacteria	Acidisoma
Proteobacteria	Acidisphaera
Actinobacteria	Aciditerrimonas
Proteobacteria	Acidithiobacillus
Actinobacteria	Acidithiomicrobium
Acidobacteria	Acidobacterium
Proteobacteria	Acidocella
Proteobacteria	Acidomonas
Actinobacteria	Acidothermus
Proteobacteria	Acidovorax
Proteobacteria	Acinetobacter
Actinobacteria	Acrocarpospora
Bacteroidetes	Actibacter
Proteobacteria	Actimicrobium
Actinobacteria	Actinaurispora
Actinobacteria	Actinoallomurus
Actinobacteria	Actinoalloteichus
Proteobacteria	Actinobacillus
Actinobacteria	Actinobaculum
Actinobacteria	Actinocatenispora
Actinobacteria	Actinocorallia
Actinobacteria	Actinokineospora
Actinobacteria	Actinomadura
Actinobacteria	Actinomyces
Actinobacteria	Actinomycetospora
Actinobacteria	Actinophytocola
Actinobacteria	Actinoplanes
Actinobacteria	Actinopolymorpha
Actinobacteria	Actinopolyspora
Actinobacteria	Actinospica
Actinobacteria	Actinosynnema
Actinobacteria	Actinotalea
Actinobacteria	Actinotelluria
Bacteroidetes	Adhaeribacter
Actinobacteria	Adlercreutzia
Proteobacteria	Advenella
Bacteroidetes	Aequorivita
Firmicutes	Aeribacillus
Actinobacteria	Aeriscardovia
Firmicutes	Aerococcus
Actinobacteria	Aeromicrobium
Proteobacteria	Aeromonas
Crenarchaeota	Aeropyrum
Proteobacteria	Aestuariibacter
Bacteroidetes	Aestuariicola
Actinobacteria	Aestuariimicrobium
Proteobacteria	Afifella
Proteobacteria	Afipia
Proteobacteria	Agaricicola
Proteobacteria	Agarivorans
Proteobacteria	Aggregatibacter
Actinobacteria	Agreia
Proteobacteria	Agrobacterium
Actinobacteria	Agrococcus
Actinobacteria	Agromyces
Proteobacteria	Ahrensia
Proteobacteria	Aidingimonas
Verrucomicrobia	Akkermansia
Proteobacteria	Albibacter
Proteobacteria	Albidiferax
Proteobacteria	Albidovulum
Proteobacteria	Albimonas
Proteobacteria	Alcaligenes
Proteobacteria	Alcanivorax
Bacteroidetes	Algibacter
Proteobacteria	Algicola
Proteobacteria	Algorimarina
Bacteroidetes	Algoriphagus
Proteobacteria	Aliagarivorans
Proteobacteria	Alicycliphilus
Firmicutes	Alicyclobacillus
Proteobacteria	Aliihoeflea
Proteobacteria	Aliivibrio
Proteobacteria	Alishewanella
Bacteroidetes	Alistipes
Firmicutes	Alkalibacillus
Firmicutes	Alkalibacter
Firmicutes	Alkalibacterium
Bacteroidetes	Alkaliflexus
Proteobacteria	Alkalilimnicola
Proteobacteria	Alkalimonas
Firmicutes	Alkaliphilus
Proteobacteria	Alkalispirillum
Proteobacteria	Alkanibacter
Proteobacteria	Alkanindiges
Firmicutes	Allisonella
Actinobacteria	Alloactinosynnema
Firmicutes	Allobaculum
Proteobacteria	Allochromatium
Firmicutes	Allofustis
Firmicutes	Alloiococcus
Actinobacteria	Allokutzneria
Actinobacteria	Alloscardovia
Actinobacteria	Alpinimonas
Proteobacteria	Altererythrobacter
Verrucomicrobia	Alterococcus
Proteobacteria	Alteromonas
Proteobacteria	Alysiella
Proteobacteria	Amaricoccus
Proteobacteria	Ameyamaea
Synergistetes	Aminiphilus
Proteobacteria	Aminobacter
Synergistetes	Aminobacterium
Synergistetes	Aminomonas
Firmicutes	Ammonifex
Firmicutes	Ammoniphilus
Actinobacteria	Amnibacterium
Proteobacteria	Amorphus
Firmicutes	Amphibacillus
Proteobacteria	Amphritea
Actinobacteria	Amycolatopsis
Actinobacteria	Amycolicicoccus
Cyanobacteria	Anabaena
Cyanobacteria	Anabaenopsis
Firmicutes	Anaeroarcus
Firmicutes	Anaerobacillus
Firmicutes	Anaerobacter
Synergistetes	Anaerobaculum
Proteobacteria	Anaerobiospirillum
Firmicutes	Anaerobranca
Firmicutes	Anaerococcus
Firmicutes	Anaerofilum
Firmicutes	Anaerofustis
Firmicutes	Anaeroglobus
Chloroflexi	Anaerolinea
Proteobacteria	Anaeromyxobacter
Bacteroidetes	Anaerophaga
Tenericutes	Anaeroplasma
Bacteroidetes	Anaerorhabdus
Firmicutes	Anaerosinus
Firmicutes	Anaerospora
Firmicutes	Anaerosporobacter
Firmicutes	Anaerostipes
Firmicutes	Anaerotruncus
Firmicutes	Anaerovibrio
Firmicutes	Anaerovirgula
Firmicutes	Anaerovorax
Proteobacteria	Anaplasma
Proteobacteria	Ancalomicrobium
Proteobacteria	Ancylobacter
Proteobacteria	Anderseniella
Proteobacteria	Andreprevotia
Firmicutes	Aneurinibacillus
Proteobacteria	Angulomicrobium
Actinobacteria	Angustibacter
Firmicutes	Anoxybacillus
Firmicutes	Anoxynatronum
Bacteroidetes	Antarcticimonas
Proteobacteria	Antarctobacter
Cyanobacteria	Aphanizomenon
Cyanobacteria	Aphanothece
Proteobacteria	Aquabacterium
Proteobacteria	Aquamicrobium
Proteobacteria	Aquaspirillum
Proteobacteria	Aquicella
Aquificae	Aquifex
Bacteroidetes	Aquiflexum
Bacteroidetes	Aquimarina
Proteobacteria	Aquimonas
Proteobacteria	Aquincola
Firmicutes	Aquisalibacillus
Proteobacteria	Aquisalimonas
Proteobacteria	Aquitalea
Actinobacteria	Arcanobacterium
Euryarchaeota	Archaeoglobus
Proteobacteria	Archangium
Bacteroidetes	Arcicella
Proteobacteria	Arcobacter
Bacteroidetes	Arenibacter
Proteobacteria	Arenicella
Proteobacteria	Arenimonas
Proteobacteria	Arhodomonas
Armatimonadetes	Armatimonas
Actinobacteria	Arsenicicoccus
Proteobacteria	Arsenophonus
Actinobacteria	Arthrobacter
Cyanobacteria	Arthronema
Cyanobacteria	Arthrospira
Actinobacteria	Asaccharobacter
Proteobacteria	Asaia
Actinobacteria	Asanoa
Firmicutes	Asteroleplasma
Proteobacteria	Asticcacaulis
Actinobacteria	Astrosporangium
Firmicutes	Atopobacter
Actinobacteria	Atopobium
Firmicutes	Atopococcus
Firmicutes	Atopostipes
Proteobacteria	Aurantimonas
Actinobacteria	Auraticoccus
Proteobacteria	Aureimonas
Bacteroidetes	Aureispira
Actinobacteria	Auritidibacter
Actinobacteria	Austwickia
Proteobacteria	Avibacterium
Proteobacteria	Azoarcus
Proteobacteria	Azohydromonas
Proteobacteria	Azomonas
Proteobacteria	Azonexus
Proteobacteria	Azorhizobium
Proteobacteria	Azorhizophilus
Proteobacteria	Azospira
Proteobacteria	Azospirillum
Proteobacteria	Azotobacter
Proteobacteria	Azovibrio
Firmicutes	Bacillus
Proteobacteria	Bacteriovorax
Bacteroidetes	Bacteroides
Aquificae	Balnearium
Proteobacteria	Balneatrix
Bacteroidetes	Balneola
Bacteroidetes	Barnesiella
Proteobacteria	Bartonella
Proteobacteria	Bauldia
Firmicutes	Bavariicoccus
Proteobacteria	Bdellovibrio
Proteobacteria	Beggiatoa
Proteobacteria	Beijerinckia
Bacteroidetes	Belliella
Chloroflexi	Bellilinea
Proteobacteria	Belnapia
Proteobacteria	Bergeriella
Bacteroidetes	Bergeyella
Proteobacteria	Bermanella
Actinobacteria	Beutenbergia
Firmicutes	Bhargavaea
Proteobacteria	Bibersteinia
Actinobacteria	Bifidobacterium
Proteobacteria	Bilophila
Proteobacteria	Bisgaardia
Bacteroidetes	Bizionia
Proteobacteria	Blastobacter
Proteobacteria	Blastochloris
Actinobacteria	Blastococcus
Proteobacteria	Blastomonas
Planctomycetes	Blastopirellula
Bacteroidetes	Blattabacterium
Firmicutes	Blautia
Actinobacteria	Bogoriella
Proteobacteria	Bordetella
Spirochaetes	Borrelia
Proteobacteria	Bosea
Proteobacteria	Bowmanella
Actinobacteria	Brachybacterium
Proteobacteria	Brachymonas
Spirochaetes	Brachyspira
Proteobacteria	Brackiella
Proteobacteria	Bradyrhizobium
Actinobacteria	Branchiibius
Cyanobacteria	Brasilonema
Proteobacteria	Brenneria
Firmicutes	Brevibacillus
Actinobacteria	Brevibacterium
Spirochaetes	Brevinema
Proteobacteria	Brevundimonas
Firmicutes	Brochothrix
Actinobacteria	Brooklawnia
Proteobacteria	Brucella
Bacteroidetes	Brumimicrobium
Acidobacteria	Bryobacter
Acidobacteria	Bryocella
Proteobacteria	Buchnera
Proteobacteria	Budvicia
Firmicutes	Bulleidia
Proteobacteria	Burkholderia
Proteobacteria	Buttiauxella
Firmicutes	Butyricicoccus
Bacteroidetes	Butyricimonas
Firmicutes	Butyrivibrio
Proteobacteria	Byssovorax
Proteobacteria	Caedibacter
Proteobacteria	Caenimonas
Proteobacteria	Caenispirillum
Firmicutes	Caldalkalibacillus
Firmicutes	Caldanaerobacter
Firmicutes	Caldanaerobius
Firmicutes	Caldicellulosiruptor
Firmicutes	Caldicoprobacter
Chloroflexi	Caldilinea
Thermodesulfobacteria	Caldimicrobium
Proteobacteria	Caldimonas
Caldiserica	Caldisericum
Crenarchaeota	Caldisphaera
Firmicutes	Calditerricola
Deferribacteres	Calditerrivibrio
Deferribacteres	Caldithrix
Crenarchaeota	Caldivirga
Crenarchaeota	Caldococcus
Actinobacteria	Calidifontibacter
Firmicutes	Caloramator
Firmicutes	Caloranaerobacter
Cyanobacteria	Calothrix
Proteobacteria	Camelimonas
Proteobacteria	Caminibacter
Firmicutes	Caminicella
Proteobacteria	Campylobacter
Proteobacteria	Candidatus_Allobeggiato
Proteobacteria	Candidatus_Alysiosphaera
Bacteroidetes	Candidatus_Amoebophilus
Proteobacteria	Candidatus_Anadelfobacter
Planctomycetes	Candidatus_Anammoxoglobus
Actinobacteria	Candidatus_Aquiluna
Bacteroidetes	Candidatus_Aquirestis
Bacteroidetes	Candidatus_Armantifilum
Firmicutes	Candidatus_Arthromitus
Bacteroidetes	Candidatus_Azobacteroides
Tenericutes	Candidatus_Bacilloplasma
Proteobacteria	Candidatus_Blochmannia
Planctomycetes	Candidatus_Brocadia
Bacteroidetes	Candidatus_Brownia
Thaumarchaeota	Candidatus_Caldiarchaeum
Proteobacteria	Candidatus_Captivus
Bacteroidetes	Candidatus_Cardinium
Proteobacteria	Candidatus_Carsonella
Acidobacteria	Candidatus_Chloracidobacterium
Chloroflexi	Candidatus_Chlorothrix
Chlamydiae	Candidatus_Clavochlamydia
Spirochaetes	Candidatus_Cloacamonas
Firmicutes	Candidatus_Contubernalis
Proteobacteria	Candidatus_Cryptoprodotis
Proteobacteria	Candidatus_Curculioniphilus
Proteobacteria	Candidatus_Cyrtobacter
Firmicutes	Candidatus_Desulforudis
Proteobacteria	Candidatus_Endobugula
Proteobacteria	Candidatus_Entotheonella
Actinobacteria	Candidatus_Flaviluna
Chlamydiae	Candidatus_Fritschea
Proteobacteria	Candidatus_Glomeribacter
Proteobacteria	Candidatus_Hamiltonella
Proteobacteria	Candidatus_Hepatincola
Tenericutes	Candidatus_Hepatoplasma
Proteobacteria	Candidatus_Ishikawaella
Proteobacteria	Candidatus_Isobeggiatoa
Planctomycetes	Candidatus_Jettenia
Proteobacteria	Candidatus_Kleidoceria
Korarchaeota	Candidatus_Korarchaeum
Acidobacteria	Candidatus_Koribacter
Planctomycetes	Candidatus_Kuenenia
Proteobacteria	Candidatus_Liberibacter
Actinobacteria	Candidatus_Limnoluna
Tenericutes	Candidatus_Lumbricincola
Proteobacteria	Candidatus_Magnetananas
Nitrospirae	Candidatus_Magnetobacterium
Proteobacteria	Candidatus_Magnetoglobus
Proteobacteria	Candidatus_Maribeggiatoa
Proteobacteria	Candidatus_Marithrix
Chlamydiae	Candidatus_Metachlamydia
Actinobacteria	Candidatus_Microthrix
Proteobacteria	Candidatus_Midichloria
Proteobacteria	Candidatus_Moranella
Proteobacteria	Candidatus_Neoehrlichia
Thaumarchaeota	Candidatus_Nitrosoarchaeum
Thaumarchaeota	Candidatus_Nitrosocaldus
Thaumarchaeota	Candidatus_Nitrosotalea
Proteobacteria	Candidatus_Nitrotoga
Proteobacteria	Candidatus_Odyssella
Bacteroidetes	Candidatus_Paenicardinium
Proteobacteria	Candidatus_Parabeggiatoa
Euryarchaeota	Candidatus_Parvarchaeum
Proteobacteria	Candidatus_Pelagibacter
Tenericutes	Candidatus_Phytoplasma
Chlamydiae	Candidatus_Piscichlamydia
Actinobacteria	Candidatus_Planktoluna
Actinobacteria	Candidatus_Planktophila
Proteobacteria	Candidatus_Portiera
Chlamydiae	Candidatus_Protochlamydia
Proteobacteria	Candidatus_Puniceispirillum
Proteobacteria	Candidatus_Purcelliella
Proteobacteria	Candidatus_Regiella
Chlamydiae	Candidatus_Rhabdochlamydia
Actinobacteria	Candidatus_Rhodoluna
Proteobacteria	Candidatus_Riesia
Planctomycetes	Candidatus_Scalindua
Proteobacteria	Candidatus_Schneideria
Acidobacteria	Candidatus_Solibacter
Proteobacteria	Candidatus_Stammerula
Proteobacteria	Candidatus_Steffania
Bacteroidetes	Candidatus_Sulcia
Bacteroidetes	Candidatus_Symbiothrix
Synergistetes	Candidatus_Tammella
Proteobacteria	Candidatus_Thiobios
Proteobacteria	Candidatus_Thiopilula
Proteobacteria	Candidatus_Tremblaya
Verrucomicrobia	Candidatus_Xiphinematobacter
Proteobacteria	Candidatus_Zinderia
Proteobacteria	Candidimonas
Bacteroidetes	Capnocytophaga
Firmicutes	Carboxydocella
Firmicutes	Carboxydothermus
Proteobacteria	Cardiobacterium
Proteobacteria	Carnimonas
Firmicutes	Carnobacterium
Firmicutes	Caryophanon
Proteobacteria	Castellaniella
Actinobacteria	Catellatospora
Proteobacteria	Catellibacterium
Actinobacteria	Catelliglobosispora
Firmicutes	Catenibacterium
Actinobacteria	Catenulispora
Actinobacteria	Catenuloplanes
Firmicutes	Catonella
Proteobacteria	Caulobacter
Proteobacteria	Cedecea
Proteobacteria	Celeribacter
Proteobacteria	Celerinatantimonas
Actinobacteria	Cellulomonas
Bacteroidetes	Cellulophaga
Firmicutes	Cellulosilyticum
Actinobacteria	Cellulosimicrobium
Proteobacteria	Cellvibrio
Thaumarchaeota	Cenarchaeum
Firmicutes	Cerasibacillus
Verrucomicrobia	Cerasicoccus
Bacteroidetes	Cesiribacter
Fusobacteria	Cetobacterium
Cyanobacteria	Chamaesiphon
Proteobacteria	Chelativorans
Proteobacteria	Chelatococcus
Proteobacteria	Chelonobacter
Proteobacteria	Chitinibacter
Proteobacteria	Chitinilyticum
Proteobacteria	Chitinimonas
Proteobacteria	Chitiniphilus
Bacteroidetes	Chitinophaga
Chlamydiae	Chlamydia
Chlamydiae	Chlamydophila
Chlorobi	Chlorobaculum
Chlorobi	Chlorobium
Proteobacteria	Chlorochromatium
Chloroflexi	Chloroflexus
Cyanobacteria	Chlorogloeopsis
Chlorobi	Chloroherpeton
Chloroflexi	Chloronema
Proteobacteria	Chondromyces
Firmicutes	Christensenella
Proteobacteria	Chromatium
Proteobacteria	Chromobacterium
Proteobacteria	Chromohalobacter
Cyanobacteria	Chroococcidiopsis
Cyanobacteria	Chroococcus
Cyanobacteria	Chroogloeocystis
Bacteroidetes	Chryseobacterium
Firmicutes	Chryseomicrobium
Verrucomicrobia	Chthoniobacter
Armatimonadetes	Chthonomonas
Proteobacteria	Citreicella
Proteobacteria	Citreimonas
Actinobacteria	Citricoccus
Proteobacteria	Citrobacter
Actinobacteria	Clavibacter
Synergistetes	Cloacibacillus
Bacteroidetes	Cloacibacterium
Firmicutes	Clostridiisalibacter
Firmicutes	Clostridium
Proteobacteria	Cobetia
Proteobacteria	Cocleimonas
Bacteroidetes	Coenonia
Proteobacteria	Cohaesibacter
Firmicutes	Cohnella
Cyanobacteria	Coleodesmium
Proteobacteria	Collimonas
Actinobacteria	Collinsella
Proteobacteria	Colwellia
Proteobacteria	Comamonas
Actinobacteria	Compostimonas
Proteobacteria	Conchiformibius
Actinobacteria	Conexibacter
Proteobacteria	Congregibacter
Proteobacteria	Constrictibacter
Firmicutes	Coprobacillus
Firmicutes	Coprococcus
Firmicutes	Coprothermobacter
Verrucomicrobia	Coraliomargarita
Proteobacteria	Corallococcus
Actinobacteria	Coriobacterium
Actinobacteria	Corynebacterium
Proteobacteria	Cosenzaea
Bacteroidetes	Costertonia
Actinobacteria	Couchioplanes
Proteobacteria	Coxiella
Proteobacteria	Craurococcus
Proteobacteria	Crenothrix
Chlamydiae	Criblamydia
Cyanobacteria	Crinalium
Bacteroidetes	Croceibacter
Proteobacteria	Croceicoccus
Bacteroidetes	Croceitalea
Bacteroidetes	Crocinitomix
Proteobacteria	Cronobacter
Actinobacteria	Crossiella
Actinobacteria	Cryobacterium
Actinobacteria	Cryocola
Bacteroidetes	Cryomorpha
Firmicutes	Cryptanaerobacter
Actinobacteria	Cryptobacterium
Actinobacteria	Cryptosporangium
Proteobacteria	Cucumibacter
Proteobacteria	Cupriavidus
Actinobacteria	Curtobacterium
Proteobacteria	Curvibacter
Cyanobacteria	Cyanobacterium
Cyanobacteria	Cyanobium
Cyanobacteria	Cyanothece
Bacteroidetes	Cyclobacterium
Proteobacteria	Cycloclasticus
Cyanobacteria	Cylindrospermum
Proteobacteria	Cystobacter
Bacteroidetes	Cytophaga
Cyanobacteria	Dactylococcopsis
Actinobacteria	Dactylosporangium
Proteobacteria	Daeguia
Proteobacteria	Dasania
Proteobacteria	Dechloromonas
Proteobacteria	Dechlorospirillum
Proteobacteria	Deefgea
Deferribacteres	Deferribacter
Proteobacteria	Deferrisoma
Proteobacteria	Defluviicoccus
Firmicutes	Dehalobacter
Firmicutes	Dehalobacterium
Chloroflexi	Dehalococcoides
Chloroflexi	Dehalogenimonas
Deinococcus-Thermus	Deinococcus
Proteobacteria	Delftia
Actinobacteria	Demequina
Actinobacteria	Demetria
Firmicutes	Dendrosporobacter
Proteobacteria	Denitratisoma
Actinobacteria	Denitrobacterium
Deferribacteres	Denitrovibrio
Actinobacteria	Dermabacter
Actinobacteria	Dermacoccus
Actinobacteria	Dermatophilus
Proteobacteria	Derxia
Firmicutes	Desemzia
Firmicutes	Desmospora
Proteobacteria	Desulfacinum
Proteobacteria	Desulfarculus
Proteobacteria	Desulfatibacillum
Proteobacteria	Desulfatiferula
Proteobacteria	Desulfatirhabdium
Firmicutes	Desulfitibacter
Firmicutes	Desulfitispora
Firmicutes	Desulfitobacterium
Proteobacteria	Desulfobacca
Proteobacteria	Desulfobacter
Proteobacteria	Desulfobacterium
Proteobacteria	Desulfobacula
Proteobacteria	Desulfobotulus
Proteobacteria	Desulfobulbus
Proteobacteria	Desulfocaldus
Proteobacteria	Desulfocapsa
Proteobacteria	Desulfocella
Proteobacteria	Desulfococcus
Proteobacteria	Desulfocurvus
Proteobacteria	Desulfofaba
Proteobacteria	Desulfofrigus
Proteobacteria	Desulfofustis
Proteobacteria	Desulfoglaeba
Proteobacteria	Desulfohalobium
Proteobacteria	Desulfomicrobium
Proteobacteria	Desulfomonile
Proteobacteria	Desulfonatronospira
Proteobacteria	Desulfonatronovibrio
Proteobacteria	Desulfonatronum
Proteobacteria	Desulfonauticus
Proteobacteria	Desulfonema
Firmicutes	Desulfonispora
Proteobacteria	Desulfopila
Proteobacteria	Desulforegula
Proteobacteria	Desulforhabdus
Proteobacteria	Desulforhopalus
Proteobacteria	Desulfosalsimonas
Proteobacteria	Desulfosarcina
Proteobacteria	Desulfosoma
Proteobacteria	Desulfospira
Firmicutes	Desulfosporosinus
Proteobacteria	Desulfotalea
Proteobacteria	Desulfotignum
Firmicutes	Desulfotomaculum
Proteobacteria	Desulfovermiculus
Proteobacteria	Desulfovibrio
Proteobacteria	Desulfovirga
Firmicutes	Desulfovirgula
Proteobacteria	Desulfurella
Chrysiogenetes	Desulfurispirillum
Firmicutes	Desulfurispora
Proteobacteria	Desulfurivibrio
Aquificae	Desulfurobacterium
Crenarchaeota	Desulfurococcus
Proteobacteria	Desulfuromonas
Proteobacteria	Desulfuromusa
Firmicutes	Dethiobacter
Firmicutes	Dethiosulfatibacter
Synergistetes	Dethiosulfovibrio
Proteobacteria	Devosia
Actinobacteria	Devriesea
Firmicutes	Dialister
Proteobacteria	Diaphorobacter
Proteobacteria	Dichelobacter
Proteobacteria	Dichotomicrobium
Proteobacteria	Dickeya
Dictyoglomi	Dictyoglomus
Actinobacteria	Dietzia
Proteobacteria	Dinoroseobacter
Proteobacteria	Diplorickettsia
Proteobacteria	Dokdonella
Bacteroidetes	Dokdonia
Cyanobacteria	Dolichospermum
Firmicutes	Dolosicoccus
Firmicutes	Dolosigranulum
Proteobacteria	Donghicola
Proteobacteria	Dongia
Firmicutes	Dorea
Proteobacteria	Duganella
Bacteroidetes	Dyadobacter
Proteobacteria	Dyella
Bacteroidetes	Dysgonomonas
Bacteroidetes	Echinicola
Proteobacteria	Ectothiorhodospira
Acidobacteria	Edaphobacter
Proteobacteria	Edwardsiella
Actinobacteria	Eggerthella
Proteobacteria	Ehrlichia
Proteobacteria	Eikenella
Proteobacteria	Eionea
Bacteroidetes	Ekhidna
Proteobacteria	Elioraea
Bacteroidetes	Elizabethkingia
Proteobacteria	Elstera
Elusimicrobia	Elusimicrobium
Bacteroidetes	Empedobacter
Bacteroidetes	Emticicia
Proteobacteria	Endozoicomonas
Proteobacteria	Enhydrobacter
Proteobacteria	Enhygromyxa
Proteobacteria	Ensifer
Proteobacteria	Enterobacter
Firmicutes	Enterococcus
Actinobacteria	Enterorhabdus
Proteobacteria	Enterovibrio
Tenericutes	Entomoplasma
Bacteroidetes	Epilithonimonas
Firmicutes	Epulopiscium
Firmicutes	Eremococcus
Proteobacteria	Erwinia
Firmicutes	Erysipelothrix
Proteobacteria	Erythrobacter
Proteobacteria	Erythromicrobium
Proteobacteria	Escherichia
Firmicutes	Ethanoligenens
Firmicutes	Eubacterium
Bacteroidetes	Eudoraea
Cyanobacteria	Euhalothece
Actinobacteria	Euzebya
Proteobacteria	Ewingella
Firmicutes	Exiguobacterium
Spirochaetes	Exilispira
Bacteroidetes	Fabibacter
Firmicutes	Facklamia
Firmicutes	Faecalibacterium
Proteobacteria	Fangia
Firmicutes	Fastidiosipila
Proteobacteria	Ferribacterium
Actinobacteria	Ferrimicrobium
Proteobacteria	Ferrimonas
Actinobacteria	Ferrithrix
Proteobacteria	Ferritrophicum
Euryarchaeota	Ferroglobus
Euryarchaeota	Ferroplasma
Proteobacteria	Ferrovibrio
Bacteroidetes	Ferruginibacter
Crenarchaeota	Fervidicoccus
Firmicutes	Fervidicola
Thermotogae	Fervidobacterium
Bacteroidetes	Fibrella
Bacteroidetes	Fibrisoma
Fibrobacteres	Fibrobacter
Firmicutes	Filibacter
Firmicutes	Filifactor
Bacteroidetes	Filimonas
Firmicutes	Filobacillus
Proteobacteria	Filomicrobium
Armatimonadetes	Fimbriimonas
Firmicutes	Finegoldia
Cyanobacteria	Fischerella
Bacteroidetes	Flagellimonas
Bacteroidetes	Flammeovirga
Bacteroidetes	Flavihumibacter
Bacteroidetes	Flaviramulus
Bacteroidetes	Flavisolibacter
Bacteroidetes	Flavobacterium
Bacteroidetes	Flectobacillus
Bacteroidetes	Flexibacter
Deferribacteres	Flexistipes
Bacteroidetes	Flexithrix
Actinobacteria	Flexivirga
Bacteroidetes	Fluviicola
Actinobacteria	Fodinibacter
Actinobacteria	Fodinicola
Proteobacteria	Fodinicurvata
Firmicutes	Fontibacillus
Bacteroidetes	Fontibacter
Proteobacteria	Formivibrio
Bacteroidetes	Formosa
Proteobacteria	Francisella
Actinobacteria	Frankia
Proteobacteria	Frateuria
Actinobacteria	Friedmanniella
Actinobacteria	Frigoribacterium
Actinobacteria	Frondihabitans
Firmicutes	Fructobacillus
Verrucomicrobia	Fucophilus
Bacteroidetes	Fulvibacter
Proteobacteria	Fulvimarina
Proteobacteria	Fulvimonas
Bacteroidetes	Fulvivirga
Firmicutes	Fusibacter
Fusobacteria	Fusobacterium
Bacteroidetes	Gaetbulibacter
Proteobacteria	Gaetbulicola
Actinobacteria	Gaiella
Bacteroidetes	Galbibacter
Proteobacteria	Gallaecimonas
Proteobacteria	Gallibacterium
Firmicutes	Gallicola
Proteobacteria	Gallionella
Firmicutes	Garciella
Actinobacteria	Gardnerella
Cyanobacteria	Geitlerinema
Bacteroidetes	Gelidibacter
Firmicutes	Gelria
Firmicutes	Gemella
Proteobacteria	Geminicoccus
Planctomycetes	Gemmata
Gemmatimonadetes	Gemmatimonas
Proteobacteria	Geoalkalibacter
Firmicutes	Geobacillus
Proteobacteria	Geobacter
Actinobacteria	Geodermatophilus
Crenarchaeota	Geogemma
Euryarchaeota	Geoglobus
Firmicutes	Geomicrobium
Proteobacteria	Geopsychrobacter
Actinobacteria	Georgenia
Proteobacteria	Georgfuchsia
Firmicutes	Geosporobacter
Proteobacteria	Geothermobacter
Thermodesulfobacteria	Geothermobacterium
Acidobacteria	Geothrix
Thermotogae	Geotoga
Deferribacteres	Geovibrio
Proteobacteria	Giesbergeria
Bacteroidetes	Gillisia
Bacteroidetes	Gilvibacter
Proteobacteria	Gilvimarinus
Proteobacteria	Glaciecola
Actinobacteria	Glaciibacter
Firmicutes	Globicatella
Cyanobacteria	Gloeobacter
Cyanobacteria	Gloeothece
Cyanobacteria	Gloeotrichia
Proteobacteria	Gluconacetobacter
Proteobacteria	Gluconobacter
Actinobacteria	Glycomyces
Actinobacteria	Goodfellowiella
Actinobacteria	Gordonia
Actinobacteria	Gordonibacter
Firmicutes	Gracilibacillus
Firmicutes	Gracilibacter
Bacteroidetes	Gracilimonas
Bacteroidetes	Gramella
Proteobacteria	Granulibacter
Firmicutes	Granulicatella
Acidobacteria	Granulicella
Actinobacteria	Granulicoccus
Proteobacteria	Granulosicoccus
Proteobacteria	Grimontia
Actinobacteria	Gryllotalpicola
Firmicutes	Guggenheimella
Proteobacteria	Gulbenkiania
Actinobacteria	Gulosibacter
Proteobacteria	Haematobacter
Proteobacteria	Haemophilus
Proteobacteria	Hafnia
Proteobacteria	Hahella
Euryarchaeota	Haladaptatus
Firmicutes	Halalkalibacillus
Euryarchaeota	Halalkalicoccus
Firmicutes	Halanaerobacter
Firmicutes	Halanaerobium
Euryarchaeota	Halarchaeum
Firmicutes	Halarsenatibacter
Proteobacteria	Haliangium
Proteobacteria	Haliea
Bacteroidetes	Haliscomenobacter
Actinobacteria	Haloactinopolyspora
Actinobacteria	Haloactinospora
Euryarchaeota	Haloarcula
Firmicutes	Halobacillus
Euryarchaeota	Halobacterium
Firmicutes	Halobacteroides
Euryarchaeota	Halobaculum
Euryarchaeota	Halobellus
Euryarchaeota	Halobiforma
Firmicutes	Halocella
Proteobacteria	Halochromatium
Euryarchaeota	Halococcus
Euryarchaeota	Haloferax
Verrucomicrobia	Haloferula
Euryarchaeota	Halogeometricum
Actinobacteria	Haloglycomyces
Euryarchaeota	Halogranum
Firmicutes	Halolactibacillus
Euryarchaeota	Halolamina
Euryarchaeota	Halomarina
Euryarchaeota	Halomicrobium
Cyanobacteria	Halomicronema
Proteobacteria	Halomonas
Euryarchaeota	Halonotius
Euryarchaeota	Halopelagius
Euryarchaeota	Halopiger
Euryarchaeota	Haloplanus
Tenericutes	Haloplasma
Euryarchaeota	Haloquadratum
Euryarchaeota	Halorhabdus
Proteobacteria	Halorhodospira
Euryarchaeota	Halorientalis
Euryarchaeota	Halorubrum
Euryarchaeota	Halorussus
Euryarchaeota	Halosarcina
Euryarchaeota	Halosimplex
Proteobacteria	Halospina
Euryarchaeota	Halostagnicola
Proteobacteria	Halotalea
Euryarchaeota	Haloterrigena
Firmicutes	Halothermothrix
Proteobacteria	Halothiobacillus
Proteobacteria	Halovibrio
Euryarchaeota	Halovivax
Actinobacteria	Hamadaea
Proteobacteria	Hansschlegelia
Cyanobacteria	Hapalosiphon
Actinobacteria	Helcobacillus
Firmicutes	Helcococcus
Proteobacteria	Helicobacter
Firmicutes	Heliobacterium
Firmicutes	Heliophilum
Firmicutes	Heliorestis
Proteobacteria	Hellea
Proteobacteria	Henriciella
Proteobacteria	Herbaspirillum
Actinobacteria	Herbiconiux
Actinobacteria	Herbidospora
Proteobacteria	Herminiimonas
Chloroflexi	Herpetosiphon
Firmicutes	Hespellia
Proteobacteria	Hippea
Proteobacteria	Hirschia
Proteobacteria	Histophilus
Proteobacteria	Hoeflea
Firmicutes	Holdemania
Acidobacteria	Holophaga
Proteobacteria	Holospora
Firmicutes	Howardella
Actinobacteria	Hoyosella
Actinobacteria	Humibacillus
Actinobacteria	Humibacter
Actinobacteria	Humicoccus
Actinobacteria	Humihabitans
Proteobacteria	Humitalea
Proteobacteria	Hyalangium
Proteobacteria	Hydrocarboniphaga
Proteobacteria	Hydrogenimonas
Aquificae	Hydrogenivirga
Firmicutes	Hydrogenoanaerobacterium
Aquificae	Hydrogenobacter
Aquificae	Hydrogenobaculum
Proteobacteria	Hydrogenophaga
Proteobacteria	Hydrogenophilus
Aquificae	Hydrogenothermus
Proteobacteria	Hydrogenovibrio
Bacteroidetes	Hydrotalea
Proteobacteria	Hylemonella
Bacteroidetes	Hymenobacter
Crenarchaeota	Hyperthermus
Proteobacteria	Hyphomicrobium
Proteobacteria	Hyphomonas
Bacteroidetes	Hyunsoonleella
Actinobacteria	Iamia
Proteobacteria	Ideonella
Proteobacteria	Idiomarina
Proteobacteria	Ignatzschineria
Chlorobi	Ignavibacterium
Firmicutes	Ignavigranum
Crenarchaeota	Ignicoccus
Crenarchaeota	Ignisphaera
Actinobacteria	Ilumatobacter
Fusobacteria	Ilyobacter
Bacteroidetes	Indibacter
Proteobacteria	Inhella
Proteobacteria	Inquilinus
Proteobacteria	Insolitispirillum
Actinobacteria	Intrasporangium
Proteobacteria	Iodobacter
Firmicutes	Isobaculum
Actinobacteria	Isoptericola
Planctomycetes	Isosphaera
Actinobacteria	Janibacter
Proteobacteria	Jannaschia
Proteobacteria	Janthinobacterium
Bacteroidetes	Jejuia
Proteobacteria	Jeongeupia
Firmicutes	Jeotgalibacillus
Firmicutes	Jeotgalicoccus
Actinobacteria	Jiangella
Actinobacteria	Jishengella
Firmicutes	Johnsonella
Actinobacteria	Jonesia
Synergistetes	Jonquetella
Bacteroidetes	Joostella
Proteobacteria	Kaistia
Proteobacteria	Kaistobacter
Proteobacteria	Kangiella
Proteobacteria	Kerstersia
Proteobacteria	Ketogulonicigenium
Actinobacteria	Kibdelosporangium
Proteobacteria	Kiloniella
Actinobacteria	Kineococcus
Actinobacteria	Kineosphaera
Actinobacteria	Kineosporia
Proteobacteria	Kinetoplastibacterium
Proteobacteria	Kingella
Proteobacteria	Kinneretia
Proteobacteria	Kistimonas
Actinobacteria	Kitasatospora
Proteobacteria	Klebsiella
Actinobacteria	Klugiella
Proteobacteria	Kluyvera
Actinobacteria	Knoellia
Actinobacteria	Kocuria
Proteobacteria	Kofleria
Bacteroidetes	Kordia
Proteobacteria	Kordiimonas
Thermotogae	Kosmotoga
Proteobacteria	Kozakia
Actinobacteria	Krasilnikovia
Actinobacteria	Kribbella
Actinobacteria	Kribbia
Bacteroidetes	Kriegella
Bacteroidetes	Krokinobacter
Chloroflexi	Ktedonobacter
Firmicutes	Kurthia
Proteobacteria	Kushneria
Actinobacteria	Kutzneria
Actinobacteria	Kytococcus
Actinobacteria	Labedella
Proteobacteria	Labrenzia
Proteobacteria	Labrys
Firmicutes	Laceyella
Firmicutes	Lachnospira
Bacteroidetes	Lacibacter
Bacteroidetes	Lacinutrix
Firmicutes	Lacticigenium
Firmicutes	Lactobacillus
Firmicutes	Lactococcus
Firmicutes	Lactovum
Proteobacteria	Lamprocystis
Proteobacteria	Lampropedia
Actinobacteria	Lapillicoccus
Proteobacteria	Laribacter
Bacteroidetes	Larkinella
Proteobacteria	Lautropia
Proteobacteria	Lawsonia
Bacteroidetes	Leadbetterella
Proteobacteria	Lebetimonas
Actinobacteria	Lechevalieria
Proteobacteria	Leclercia
Proteobacteria	Leeia
Bacteroidetes	Leeuwenhoekiella
Proteobacteria	Legionella
Actinobacteria	Leifsonia
Proteobacteria	Leisingera
Proteobacteria	Leminorella
Firmicutes	Lentibacillus
Verrucomicrobia	Lentimonas
Lentisphaerae	Lentisphaera
Actinobacteria	Lentzea
Bacteroidetes	Leptobacterium
Chloroflexi	Leptolinea
Cyanobacteria	Leptolyngbya
Spirochaetes	Leptonema
Spirochaetes	Leptospira
Nitrospirae	Leptospirillum
Proteobacteria	Leptothrix
Fusobacteria	Leptotrichia
Actinobacteria	Leucobacter
Firmicutes	Leuconostoc
Proteobacteria	Leucothrix
Chloroflexi	Levilinea
Bacteroidetes	Lewinella
Bacteroidetes	Limibacter
Proteobacteria	Limnobacter
Proteobacteria	Limnohabitans
Cyanobacteria	Limnothrix
Bacteroidetes	Lishizhenia
Firmicutes	Listeria
Proteobacteria	Litoreibacter
Proteobacteria	Litoricola
Proteobacteria	Loktanella
Chloroflexi	Longilinea
Actinobacteria	Longispora
Proteobacteria	Lonsdalea
Actinobacteria	Luedemannella
Bacteroidetes	Lutaonella
Proteobacteria	Luteibacter
Actinobacteria	Luteimicrobium
Proteobacteria	Luteimonas
Actinobacteria	Luteipulveratus
Actinobacteria	Luteococcus
Verrucomicrobia	Luteolibacter
Bacteroidetes	Lutibacter
Proteobacteria	Lutibacterium
Proteobacteria	Lutimaribacter
Bacteroidetes	Lutimonas
Firmicutes	Lutispora
Cyanobacteria	Lyngbya
Firmicutes	Lysinibacillus
Actinobacteria	Lysinimicrobium
Proteobacteria	Lysobacter
Firmicutes	Macrococcus
Proteobacteria	Macromonas
Proteobacteria	Magnetococcus
Proteobacteria	Magnetospirillum
Firmicutes	Mahella
Proteobacteria	Malikia
Proteobacteria	Mannheimia
Bacteroidetes	Maribacter
Proteobacteria	Maribaculum
Proteobacteria	Maribius
Proteobacteria	Maricaulis
Proteobacteria	Marichromatium
Proteobacteria	Maricurvus
Actinobacteria	Marihabitans
Actinobacteria	Marinactinospora
Proteobacteria	Marinicella
Bacteroidetes	Marinifilum
Bacteroidetes	Mariniflexile
Bacteroidetes	Marinilabilia
Firmicutes	Marinilactibacillus
Proteobacteria	Marinimicrobium
Deinococcus-Thermus	Marinithermus
Thermotogae	Marinitoga
Proteobacteria	Marinobacter
Proteobacteria	Marinobacterium
Firmicutes	Marinococcus
Proteobacteria	Marinomonas
Bacteroidetes	Marinoscillum
Proteobacteria	Marinospirillum
Proteobacteria	Marinosulfonomonas
Proteobacteria	Marinovum
Proteobacteria	Mariprofundus
Actinobacteria	Marisediminicola
Proteobacteria	Marispirillum
Proteobacteria	Maritalea
Proteobacteria	Maritimibacter
Bacteroidetes	Maritimimonas
Bacteroidetes	Marivirga
Proteobacteria	Marivita
Bacteroidetes	Marixanthomonas
Actinobacteria	Marmoricola
Proteobacteria	Martelella
Firmicutes	Marvinbryantia
Proteobacteria	Massilia
Cyanobacteria	Mastigocladopsis
Firmicutes	Mechercharimyces
Firmicutes	Megamonas
Proteobacteria	Meganema
Firmicutes	Megasphaera
Deinococcus-Thermus	Meiothermus
Ignavibacteria	Melioribacter
Firmicutes	Melissococcus
Proteobacteria	Melitea
Proteobacteria	Melittangium
Bacteroidetes	Meniscus
Bacteroidetes	Meridianimaribacter
Cyanobacteria	Merismopedia
Bacteroidetes	Mesoflavibacter
Bacteroidetes	Mesonia
Tenericutes	Mesoplasma
Proteobacteria	Mesorhizobium
Crenarchaeota	Metallosphaera
Actinobacteria	Metascardovia
Euryarchaeota	Methanimicrococcus
Euryarchaeota	Methanobacterium
Euryarchaeota	Methanobrevibacter
Euryarchaeota	Methanocalculus
Euryarchaeota	Methanocaldococcus
Euryarchaeota	Methanocella
Euryarchaeota	Methanococcoides
Euryarchaeota	Methanococcus
Euryarchaeota	Methanocorpusculum
Euryarchaeota	Methanoculleus
Euryarchaeota	Methanofollis
Euryarchaeota	Methanogenium
Euryarchaeota	Methanohalobium
Euryarchaeota	Methanohalophilus
Euryarchaeota	Methanolacinia
Euryarchaeota	Methanolinea
Euryarchaeota	Methanolobus
Euryarchaeota	Methanomassiliicoccus
Euryarchaeota	Methanomethylovorans
Euryarchaeota	Methanomicrobium
Euryarchaeota	Methanoplanus
Euryarchaeota	Methanopyrus
Euryarchaeota	Methanoregula
Euryarchaeota	Methanosaeta
Euryarchaeota	Methanosalsum
Euryarchaeota	Methanosarcina
Euryarchaeota	Methanosphaera
Euryarchaeota	Methanosphaerula
Euryarchaeota	Methanospirillum
Euryarchaeota	Methanothermobacter
Euryarchaeota	Methanothermococcus
Euryarchaeota	Methanothermus
Euryarchaeota	Methanotorris
Euryarchaeota	Methermicoccus
Verrucomicrobia	Methylacidiphilum
Proteobacteria	Methylibium
Proteobacteria	Methylobacillus
Proteobacteria	Methylobacter
Proteobacteria	Methylobacterium
Proteobacteria	Methylocaldum
Proteobacteria	Methylocapsa
Proteobacteria	Methylocella
Proteobacteria	Methylococcus
Proteobacteria	Methylocystis
Proteobacteria	Methyloferula
Proteobacteria	Methylohalobius
Proteobacteria	Methylohalomonas
Proteobacteria	Methylomicrobium
Proteobacteria	Methylomonas
Proteobacteria	Methylonatrum
Proteobacteria	Methylophaga
Proteobacteria	Methylophilus
Proteobacteria	Methylopila
Proteobacteria	Methylorhabdus
Proteobacteria	Methylosarcina
Proteobacteria	Methylosinus
Proteobacteria	Methylosoma
Proteobacteria	Methylotenera
Proteobacteria	Methylothermus
Proteobacteria	Methyloversatilis
Proteobacteria	Methylovirgula
Proteobacteria	Methylovorus
Firmicutes	Microaerobacter
Actinobacteria	Microbacterium
Actinobacteria	Microbispora
Proteobacteria	Microbulbifer
Actinobacteria	Microcella
Actinobacteria	Micrococcus
Cyanobacteria	Microcoleus
Cyanobacteria	Microcystis
Actinobacteria	Microlunatus
Actinobacteria	Micromonospora
Actinobacteria	Micropruina
Bacteroidetes	Microscilla
Actinobacteria	Microterricola
Actinobacteria	Microtetraspora
Proteobacteria	Microvirga
Proteobacteria	Microvirgula
Actinobacteria	Millisia
Proteobacteria	Mitsuaria
Firmicutes	Mitsuokella
Actinobacteria	Mobilicoccus
Actinobacteria	Mobiluncus
Actinobacteria	Modestobacter
Proteobacteria	Modicisalibacter
Proteobacteria	Moellerella
Firmicutes	Mogibacterium
Firmicutes	Moorella
Proteobacteria	Moraxella
Proteobacteria	Morganella
Proteobacteria	Moritella
Firmicutes	Moryella
Bacteroidetes	Mucilaginibacter
Deferribacteres	Mucispirillum
Bacteroidetes	Muricauda
Bacteroidetes	Muricola
Actinobacteria	Myceligenerans
Actinobacteria	Mycetocola
Actinobacteria	Mycobacterium
Proteobacteria	Mycoplana
Tenericutes	Mycoplasma
Bacteroidetes	Myroides
Proteobacteria	Myxococcus
Actinobacteria	Nakamurella
Proteobacteria	Nannocystis
Nanoarchaeota	Nanoarchaeum
Firmicutes	Natranaerobius
Euryarchaeota	Natrialba
Euryarchaeota	Natrinema
Firmicutes	Natroniella
Firmicutes	Natronincola
Firmicutes	Natronoanaerobium
Euryarchaeota	Natronoarchaeum
Firmicutes	Natronobacillus
Euryarchaeota	Natronobacterium
Euryarchaeota	Natronococcus
Euryarchaeota	Natronolimnobius
Euryarchaeota	Natronomonas
Euryarchaeota	Natronorubrum
Actinobacteria	Naumannella
Proteobacteria	Nautella
Proteobacteria	Nautilia
Proteobacteria	Necropsobacter
Firmicutes	Negativicoccus
Proteobacteria	Neisseria
Proteobacteria	Neoasaia
Chlamydiae	Neochlamydia
Proteobacteria	Neorickettsia
Proteobacteria	Neptuniibacter
Proteobacteria	Neptunomonas
Proteobacteria	Nereida
Proteobacteria	Nesiotobacter
Actinobacteria	Nesterenkonia
Proteobacteria	Nevskia
Bacteroidetes	Niabella
Bacteroidetes	Niastella
Proteobacteria	Nicoletella
Proteobacteria	Nisaea
Proteobacteria	Nitratifractor
Proteobacteria	Nitratireductor
Proteobacteria	Nitratiruptor
Actinobacteria	Nitriliruptor
Proteobacteria	Nitrincola
Proteobacteria	Nitrobacter
Proteobacteria	Nitrococcus
Proteobacteria	Nitrosococcus
Proteobacteria	Nitrosomonas
Thaumarchaeota	Nitrosopumilus
Thaumarchaeota	Nitrososphaera
Proteobacteria	Nitrosospira
Proteobacteria	Nitrosovibrio
Proteobacteria	Nitrospina
Nitrospirae	Nitrospira
Actinobacteria	Nocardia
Actinobacteria	Nocardioides
Actinobacteria	Nocardiopsis
Cyanobacteria	Nodularia
Bacteroidetes	Nonlabens
Actinobacteria	Nonomuraea
Proteobacteria	Nordella
Firmicutes	Nosocomiicoccus
Cyanobacteria	Nostoc
Cyanobacteria	Nostochopsis
Actinobacteria	Nostocoida_type_II
Proteobacteria	Novispirillum
Proteobacteria	Novosphingobium
Bacteroidetes	Nubsella
Proteobacteria	Oceanibaculum
Proteobacteria	Oceanibulbus
Proteobacteria	Oceanicaulis
Proteobacteria	Oceanicola
Proteobacteria	Oceanimonas
Proteobacteria	Oceaniserpentilla
Proteobacteria	Oceanisphaera
Deinococcus-Thermus	Oceanithermus
Firmicutes	Oceanobacillus
Proteobacteria	Oceanobacter
Proteobacteria	Oceanospirillum
Proteobacteria	Ochrobactrum
Proteobacteria	Octadecabacter
Bacteroidetes	Odoribacter
Firmicutes	Oenococcus
Actinobacteria	Oerskovia
Actinobacteria	Okibacterium
Proteobacteria	Oleiphilus
Proteobacteria	Oleispira
Proteobacteria	Oleomonas
Proteobacteria	Oligella
Bacteroidetes	Olivibacter
Bacteroidetes	Olleya
Actinobacteria	Olsenella
Verrucomicrobia	Opitutus
Proteobacteria	Orbus
Firmicutes	Orenia
Firmicutes	Oribacterium
Proteobacteria	Orientia
Firmicutes	Ornithinibacillus
Actinobacteria	Ornithinibacter
Actinobacteria	Ornithinicoccus
Actinobacteria	Ornithinimicrobium
Bacteroidetes	Ornithobacterium
Actinobacteria	Oryzihumus
Cyanobacteria	Oscillatoria
Firmicutes	Oscillibacter
Chloroflexi	Oscillochloris
Firmicutes	Oscillospira
Proteobacteria	Ottowia
Bacteroidetes	Owenweeksia
Proteobacteria	Oxalicibacterium
Proteobacteria	Oxalobacter
Firmicutes	Oxalophagus
Firmicutes	Oxobacter
Proteobacteria	Pacificibacter
Firmicutes	Paenibacillus
Firmicutes	Paenisporosarcina
Proteobacteria	Paenochrobactrum
Euryarchaeota	Palaeococcus
Proteobacteria	Palleronia
Bacteroidetes	Paludibacter
Proteobacteria	Paludibacterium
Proteobacteria	Panacagrimonas
Proteobacteria	Pandoraea
Proteobacteria	Pannonibacter
Proteobacteria	Pantoea
Firmicutes	Papillibacter
Bacteroidetes	Parabacteroides
Chlamydiae	Parachlamydia
Proteobacteria	Paracoccus
Proteobacteria	Paracraurococcus
Actinobacteria	Paraeggerthella
Proteobacteria	Paraferrimonas
Proteobacteria	Paralcaligenes
Firmicutes	Paraliobacillus
Proteobacteria	Paramoritella
Actinobacteria	Paraoerskovia
Bacteroidetes	Parapedobacter
Bacteroidetes	Paraprevotella
Actinobacteria	Parascardovia
Bacteroidetes	Parasegetibacter
Actinobacteria	Parastreptomyces
Proteobacteria	Parasutterella
Proteobacteria	Parvibaculum
Firmicutes	Parvimonas
Proteobacteria	Parvularcula
Proteobacteria	Pasteurella
Firmicutes	Pasteuria
Actinobacteria	Patulibacter
Proteobacteria	Paucibacter
Proteobacteria	Paucimonas
Firmicutes	Paucisalibacillus
Firmicutes	Pectinatus
Proteobacteria	Pectobacterium
Firmicutes	Pediococcus
Bacteroidetes	Pedobacter
Proteobacteria	Pedomicrobium
Verrucomicrobia	Pedosphaera
Proteobacteria	Pelagibaca
Proteobacteria	Pelagibius
Verrucomicrobia	Pelagicoccus
Proteobacteria	Pelagicola
Proteobacteria	Pelistega
Proteobacteria	Pelobacter
Chlorobi	Pelodictyon
Proteobacteria	Pelomonas
Firmicutes	Pelosinus
Firmicutes	Pelospora
Firmicutes	Pelotomaculum
Firmicutes	Peptococcus
Firmicutes	Peptoniphilus
Firmicutes	Peptostreptococcus
Proteobacteria	Peredibacter
Bacteroidetes	Perexilibacter
Proteobacteria	Perlucidibaca
Aquificae	Persephonella
Verrucomicrobia	Persicirhabdus
Bacteroidetes	Persicitalea
Bacteroidetes	Persicobacter
Bacteroidetes	Petrimonas
Proteobacteria	Petrobacter
Thermotogae	Petrotoga
Proteobacteria	Phaeobacter
Proteobacteria	Phaeospirillum
Firmicutes	Phascolarctobacterium
Proteobacteria	Phaselicystis
Proteobacteria	Phenylobacterium
Bacteroidetes	Phocaeicola
Proteobacteria	Phocoenobacter
Cyanobacteria	Phormidium
Proteobacteria	Photobacterium
Proteobacteria	Photorhabdus
Actinobacteria	Phycicoccus
Actinobacteria	Phycicola
Planctomycetes	Phycisphaera
Proteobacteria	Phyllobacterium
Actinobacteria	Phytohabitans
Bacteroidetes	Pibocella
Euryarchaeota	Picrophilus
Proteobacteria	Pigmentiphaga
Firmicutes	Pilibacter
Actinobacteria	Pilimelia
Actinobacteria	Pimelobacter
Planctomycetes	Pirellula
Firmicutes	Piscibacillus
Actinobacteria	Piscicoccus
Proteobacteria	Piscinibacter
Proteobacteria	Piscirickettsia
Planctomycetes	Planctomyces
Firmicutes	Planifilum
Cyanobacteria	Planktothricoides
Cyanobacteria	Planktothrix
Firmicutes	Planococcus
Firmicutes	Planomicrobium
Actinobacteria	Planomonospora
Actinobacteria	Planosporangium
Actinobacteria	Planotetraspora
Actinobacteria	Plantactinospora
Actinobacteria	Plantibacter
Proteobacteria	Pleomorphomonas
Proteobacteria	Plesiocystis
Proteobacteria	Plesiomonas
Cyanobacteria	Pleurocapsa
Bacteroidetes	Polaribacter
Proteobacteria	Polaromonas
Actinobacteria	Polymorphospora
Proteobacteria	Polynucleobacter
Proteobacteria	Pontibaca
Firmicutes	Pontibacillus
Bacteroidetes	Pontibacter
Proteobacteria	Ponticaulis
Actinobacteria	Ponticoccus
Bacteroidetes	Pontirhabdus
Bacteroidetes	Poriferibacter
Bacteroidetes	Porifericola
Proteobacteria	Porphyrobacter
Bacteroidetes	Porphyromonas
Proteobacteria	Porticoccus
Proteobacteria	Pragia
Actinobacteria	Prauserella
Actinobacteria	Prauseria
Bacteroidetes	Prevotella
Proteobacteria	Procabacter
Cyanobacteria	Prochlorococcus
Cyanobacteria	Prochloron
Cyanobacteria	Prochlorothrix
Bacteroidetes	Prolixibacter
Actinobacteria	Promicromonospora
Actinobacteria	Propionibacterium
Actinobacteria	Propionicicella
Actinobacteria	Propioniciclava
Actinobacteria	Propionicimonas
Actinobacteria	Propioniferax
Fusobacteria	Propionigenium
Actinobacteria	Propionimicrobium
Firmicutes	Propionispira
Firmicutes	Propionispora
Proteobacteria	Propionivibrio
Verrucomicrobia	Prosthecobacter
Chlorobi	Prosthecochloris
Proteobacteria	Prosthecomicrobium
Firmicutes	Proteiniborus
Firmicutes	Proteiniclasticum
Bacteroidetes	Proteiniphilum
Firmicutes	Proteocatella
Proteobacteria	Proteus
Proteobacteria	Providencia
Proteobacteria	Pseudacidovorax
Proteobacteria	Pseudaminobacter
Cyanobacteria	Pseudanabaena
Proteobacteria	Pseudoalteromonas
Firmicutes	Pseudobutyrivibrio
Proteobacteria	Pseudochrobactrum
Actinobacteria	Pseudoclavibacter
Firmicutes	Pseudoflavonifractor
Proteobacteria	Pseudofulvimonas
Proteobacteria	Pseudogulbenkiania
Actinobacteria	Pseudokineococcus
Proteobacteria	Pseudolabrys
Proteobacteria	Pseudomonas
Actinobacteria	Pseudonocardia
Firmicutes	Pseudoramibacter
Proteobacteria	Pseudorhodobacter
Proteobacteria	Pseudorhodoferax
Proteobacteria	Pseudoruegeria
Bacteroidetes	Pseudosphingobacterium
Proteobacteria	Pseudospirillum
Actinobacteria	Pseudosporangium
Proteobacteria	Pseudoteredinibacter
Proteobacteria	Pseudovibrio
Proteobacteria	Pseudoxanthobacter
Proteobacteria	Pseudoxanthomonas
Bacteroidetes	Pseudozobellia
Fusobacteria	Psychrilyobacter
Proteobacteria	Psychrobacter
Bacteroidetes	Psychroflexus
Proteobacteria	Psychromonas
Bacteroidetes	Psychroserpens
Proteobacteria	Psychrosphaera
Firmicutes	Pullulanibacillus
Verrucomicrobia	Puniceicoccus
Proteobacteria	Pusillimonas
Synergistetes	Pyramidobacter
Crenarchaeota	Pyrobaculum
Euryarchaeota	Pyrococcus
Proteobacteria	Pyxidicoccus
Actinobacteria	Quadrisphaera
Proteobacteria	Quatrionicoccus
Firmicutes	Quinella
Proteobacteria	Rahnella
Proteobacteria	Ralstonia
Proteobacteria	Ramlibacter
Proteobacteria	Raoultella
Bacteroidetes	Rapidithrix
Actinobacteria	Rarobacter
Actinobacteria	Rathayibacter
Bacteroidetes	Reichenbachiella
Proteobacteria	Reinekea
Actinobacteria	Renibacterium
Proteobacteria	Reyranella
Proteobacteria	Rheinheimera
Proteobacteria	Rhizobacter
Proteobacteria	Rhizobium
Proteobacteria	Rhizomicrobium
Proteobacteria	Rhodanobacter
Proteobacteria	Rhodobaca
Proteobacteria	Rhodobacter
Proteobacteria	Rhodobium
Proteobacteria	Rhodoblastus
Proteobacteria	Rhodocista
Actinobacteria	Rhodococcus
Proteobacteria	Rhodocyclus
Bacteroidetes	Rhodocytophaga
Proteobacteria	Rhodoferax
Actinobacteria	Rhodoglobus
Proteobacteria	Rhodomicrobium
Bacteroidetes	Rhodonellum
Proteobacteria	Rhodopila
Planctomycetes	Rhodopirellula
Proteobacteria	Rhodoplanes
Proteobacteria	Rhodopseudomonas
Proteobacteria	Rhodospirillum
Proteobacteria	Rhodothalassium
Bacteroidetes	Rhodothermus
Proteobacteria	Rhodovarius
Proteobacteria	Rhodovastum
Proteobacteria	Rhodovibrio
Proteobacteria	Rhodovulum
Proteobacteria	Rickettsia
Proteobacteria	Rickettsiella
Bacteroidetes	Riemerella
Bacteroidetes	Rikenella
Proteobacteria	Rivibacter
Cyanobacteria	Rivularia
Bacteroidetes	Robiginitalea
Proteobacteria	Robiginitomaculum
Firmicutes	Robinsoniella
Proteobacteria	Roseateles
Firmicutes	Roseburia
Proteobacteria	Roseibaca
Verrucomicrobia	Roseibacillus
Proteobacteria	Roseibacterium
Proteobacteria	Roseicyclus
Chloroflexi	Roseiflexus
Proteobacteria	Roseinatronobacter
Proteobacteria	Roseisalinus
Bacteroidetes	Roseivirga
Proteobacteria	Roseivivax
Proteobacteria	Roseobacter
Proteobacteria	Roseococcus
Proteobacteria	Roseomonas
Proteobacteria	Roseospira
Proteobacteria	Roseospirillum
Proteobacteria	Roseovarius
Actinobacteria	Rothia
Actinobacteria	Ruania
Proteobacteria	Rubellimicrobium
Cyanobacteria	Rubidibacter
Bacteroidetes	Rubidimonas
Proteobacteria	Rubribacterium
Bacteroidetes	Rubricoccus
Proteobacteria	Rubrimonas
Verrucomicrobia	Rubritalea
Proteobacteria	Rubritepida
Proteobacteria	Rubrivivax
Actinobacteria	Rubrobacter
Proteobacteria	Rudaea
Bacteroidetes	Rudanella
Proteobacteria	Ruegeria
Proteobacteria	Rugamonas
Actinobacteria	Rugosimonospora
Proteobacteria	Ruminobacter
Firmicutes	Ruminococcus
Firmicutes	Rummeliibacillus
Bacteroidetes	Runella
Firmicutes	Saccharibacillus
Proteobacteria	Saccharibacter
Firmicutes	Saccharofermentans
Actinobacteria	Saccharomonospora
Proteobacteria	Saccharophagus
Actinobacteria	Saccharopolyspora
Proteobacteria	Saccharospirillum
Actinobacteria	Saccharothrix
Proteobacteria	Sagittula
Actinobacteria	Salana
Euryarchaeota	Salarchaeum
Bacteroidetes	Salegentibacter
Bacteroidetes	Salibacter
Proteobacteria	Salicola
Firmicutes	Salimicrobium
Proteobacteria	Salinarimonas
Firmicutes	Salinibacillus
Bacteroidetes	Salinibacter
Actinobacteria	Salinibacterium
Firmicutes	Salinicoccus
Proteobacteria	Salinicola
Proteobacteria	Salinihabitans
Bacteroidetes	Salinimicrobium
Proteobacteria	Salinimonas
Proteobacteria	Salinisphaera
Actinobacteria	Salinispora
Proteobacteria	Salinivibrio
Proteobacteria	Salipiger
Firmicutes	Salirhabdus
Bacteroidetes	Salisaeta
Proteobacteria	Salmonella
Firmicutes	Salsuginibacillus
Proteobacteria	Sandaracinobacter
Proteobacteria	Sandaracinus
Proteobacteria	Sandarakinorhabdus
Actinobacteria	Sanguibacter
Bacteroidetes	Saprospira
Firmicutes	Sarcina
Actinobacteria	Saxeibacter
Actinobacteria	Scardovia
Proteobacteria	Schlegelella
Planctomycetes	Schlesneria
Actinobacteria	Schumannella
Firmicutes	Schwartzia
Actinobacteria	Sciscionella
Cyanobacteria	Scytonema
Fusobacteria	Sebaldella
Firmicutes	Sedimentibacter
Proteobacteria	Sedimenticola
Firmicutes	Sediminibacillus
Bacteroidetes	Sediminibacter
Bacteroidetes	Sediminibacterium
Bacteroidetes	Sediminicola
Actinobacteria	Sediminihabitans
Proteobacteria	Sediminimonas
Bacteroidetes	Sediminitomix
Bacteroidetes	Segetibacter
Actinobacteria	Segniliparus
Firmicutes	Selenihalanaerobacter
Firmicutes	Selenomonas
Proteobacteria	Seohaeicola
Actinobacteria	Serinibacter
Actinobacteria	Serinicoccus
Proteobacteria	Serratia
Firmicutes	Sharpea
Proteobacteria	Shewanella
Proteobacteria	Shigella
Firmicutes	Shimazuella
Proteobacteria	Shimia
Proteobacteria	Shimwellia
Proteobacteria	Shinella
Firmicutes	Shuttleworthia
Proteobacteria	Sideroxydans
Proteobacteria	Silanimonas
Proteobacteria	Silvimonas
Proteobacteria	Simiduia
Chlamydiae	Simkania
Proteobacteria	Simonsiella
Proteobacteria	Simplicispira
Proteobacteria	Singularimonas
Planctomycetes	Singulisphaera
Firmicutes	Sinobaca
Proteobacteria	Sinobacter
Actinobacteria	Sinomonas
Proteobacteria	Sinorhizobium
Bacteroidetes	Siphonobacter
Proteobacteria	Skermanella
Actinobacteria	Skermania
Actinobacteria	Slackia
Actinobacteria	Smaragdicoccus
Proteobacteria	Smithella
Fusobacteria	Sneathia
Proteobacteria	Sneathiella
Cyanobacteria	Snowella
Proteobacteria	Sodalis
Firmicutes	Soehngenia
Firmicutes	Solibacillus
Proteobacteria	Solimonas
Actinobacteria	Solirubrobacter
Bacteroidetes	Solitalea
Firmicutes	Solobacterium
Actinobacteria	Solwaraspora
Bacteroidetes	Soonwooa
Proteobacteria	Sorangium
Actinobacteria	Sphaerisporangium
Chloroflexi	Sphaerobacter
Cyanobacteria	Sphaerospermopsis
Proteobacteria	Sphaerotilus
Bacteroidetes	Sphingobacterium
Proteobacteria	Sphingobium
Proteobacteria	Sphingomonas
Proteobacteria	Sphingopyxis
Proteobacteria	Sphingosinicella
Bacteroidetes	Sphingoterrabacterium
Actinobacteria	Spirilliplanes
Actinobacteria	Spirillospora
Spirochaetes	Spirochaeta
Tenericutes	Spiroplasma
Bacteroidetes	Spirosoma
Cyanobacteria	Spirulina
Proteobacteria	Spongiispira
Firmicutes	Sporacetigenium
Firmicutes	Sporanaerobacter
Actinobacteria	Sporichthya
Firmicutes	Sporobacter
Bacteroidetes	Sporocytophaga
Firmicutes	Sporolactobacillus
Firmicutes	Sporolituus
Firmicutes	Sporomusa
Firmicutes	Sporosarcina
Firmicutes	Sporotalea
Firmicutes	Sporotomaculum
Actinobacteria	Stackebrandtia
Proteobacteria	Stakelama
Cyanobacteria	Stanieria
Firmicutes	Staphylococcus
Crenarchaeota	Staphylothermus
Proteobacteria	Stappia
Proteobacteria	Starkeya
Proteobacteria	Stella
Proteobacteria	Stenotrophomonas
Proteobacteria	Stenoxybacter
Proteobacteria	Steroidobacter
Proteobacteria	Sterolibacterium
Crenarchaeota	Stetteria
Proteobacteria	Stigmatella
Cyanobacteria	Stigonema
Actinobacteria	Streptacidiphilus
Actinobacteria	Streptoalloteichus
Fusobacteria	Streptobacillus
Firmicutes	Streptococcus
Actinobacteria	Streptomonospora
Actinobacteria	Streptomyces
Actinobacteria	Streptosporangium
Crenarchaeota	Stygiolobus
Firmicutes	Subdoligranulum
Bacteroidetes	Subsaxibacter
Bacteroidetes	Subsaximicrobium
Actinobacteria	Subtercola
Proteobacteria	Succinatimonas
Firmicutes	Succiniclasticum
Proteobacteria	Succinimonas
Firmicutes	Succinispira
Proteobacteria	Succinivibrio
Bacteroidetes	Sufflavibacter
Proteobacteria	Sulfitobacter
Firmicutes	Sulfobacillus
Crenarchaeota	Sulfolobus
Crenarchaeota	Sulfophobococcus
Proteobacteria	Sulfuricella
Proteobacteria	Sulfuricurvum
Aquificae	Sulfurihydrogenibium
Proteobacteria	Sulfurimonas
Crenarchaeota	Sulfurisphaera
Proteobacteria	Sulfuritalea
Proteobacteria	Sulfurivirga
Proteobacteria	Sulfurospirillum
Proteobacteria	Sulfurovum
Proteobacteria	Sutterella
Proteobacteria	Suttonella
Proteobacteria	Swaminathania
Firmicutes	Symbiobacterium
Cyanobacteria	Symploca
Cyanobacteria	Synechococcus
Synergistetes	Synergistes
Firmicutes	Syntrophaceticus
Proteobacteria	Syntrophobacter
Firmicutes	Syntrophobotulus
Firmicutes	Syntrophococcus
Firmicutes	Syntrophomonas
Proteobacteria	Syntrophorhabdus
Firmicutes	Syntrophothermus
Proteobacteria	Syntrophus
Bacteroidetes	Tamlana
Bacteroidetes	Tannerella
Proteobacteria	Tanticharoenia
Proteobacteria	Tateyamaria
Proteobacteria	Tatumella
Proteobacteria	Taylorella
Proteobacteria	Telluria
Acidobacteria	Telmatobacter
Proteobacteria	Telmatospirillum
Bacteroidetes	Tenacibaculum
Firmicutes	Tenuibacillus
Proteobacteria	Tepidamorphus
Firmicutes	Tepidanaerobacter
Firmicutes	Tepidibacter
Proteobacteria	Tepidicella
Firmicutes	Tepidimicrobium
Proteobacteria	Tepidimonas
Proteobacteria	Tepidiphilus
Proteobacteria	Teredinibacter
Actinobacteria	Terrabacter
Actinobacteria	Terracoccus
Firmicutes	Terribacillus
Acidobacteria	Terriglobus
Bacteroidetes	Terrimonas
Actinobacteria	Tessaracoccus
Firmicutes	Tetragenococcus
Actinobacteria	Tetrasphaera
Firmicutes	Thalassobacillus
Proteobacteria	Thalassobacter
Proteobacteria	Thalassobaculum
Proteobacteria	Thalassobius
Proteobacteria	Thalassococcus
Proteobacteria	Thalassolituus
Proteobacteria	Thalassomonas
Proteobacteria	Thalassospira
Proteobacteria	Thauera
Firmicutes	Thermacetogenium
Firmicutes	Thermaerobacter
Firmicutes	Thermanaeromonas
Chloroflexi	Thermanaerothrix
Synergistetes	Thermanaerovibrio
Actinobacteria	Thermasporomyces
Firmicutes	Thermicanus
Firmicutes	Thermincola
Proteobacteria	Thermithiobacillus
Firmicutes	Thermoactinomyces
Firmicutes	Thermoanaerobacter
Firmicutes	Thermoanaerobacterium
Firmicutes	Thermobacillus
Chloroflexi	Thermobaculum
Actinobacteria	Thermobifida
Actinobacteria	Thermobispora
Firmicutes	Thermobrachium
Crenarchaeota	Thermocladium
Euryarchaeota	Thermococcus
Aquificae	Thermocrinis
Actinobacteria	Thermocrispum
Thermodesulfobacteria	Thermodesulfatator
Thermodesulfobacteria	Thermodesulfobacterium
Firmicutes	Thermodesulfobium
Proteobacteria	Thermodesulforhabdus
Nitrospirae	Thermodesulfovibrio
Crenarchaeota	Thermodiscus
Crenarchaeota	Thermofilum
Firmicutes	Thermoflavimicrobium
Chloroflexi	Thermogemmatispora
Euryarchaeota	Thermogymnomonas
Firmicutes	Thermohalobacter
Actinobacteria	Thermoleophilum
Firmicutes	Thermolithobacter
Chloroflexi	Thermomicrobium
Proteobacteria	Thermomonas
Actinobacteria	Thermomonospora
Bacteroidetes	Thermonema
Euryarchaeota	Thermoplasma
Actinobacteria	Thermopolyspora
Crenarchaeota	Thermoproteus
Firmicutes	Thermosediminibacter
Firmicutes	Thermosinus
Thermotogae	Thermosipho
Crenarchaeota	Thermosphaera
Chloroflexi	Thermosporothrix
Cyanobacteria	Thermosynechococcus
Firmicutes	Thermosyntropha
Firmicutes	Thermotalea
Thermotogae	Thermotoga
Firmicutes	Thermovenabulum
Aquificae	Thermovibrio
Synergistetes	Thermovirga
Proteobacteria	Thermovum
Deinococcus-Thermus	Thermus
Proteobacteria	Thioalkalibacter
Proteobacteria	Thioalkalicoccus
Proteobacteria	Thioalkalimicrobium
Proteobacteria	Thioalkalispira
Proteobacteria	Thioalkalivibrio
Proteobacteria	Thiobaca
Proteobacteria	Thiobacillus
Proteobacteria	Thiobacter
Proteobacteria	Thiocapsa
Proteobacteria	Thioclava
Proteobacteria	Thiococcus
Proteobacteria	Thiocystis
Proteobacteria	Thiofaba
Proteobacteria	Thioflavicoccus
Proteobacteria	Thiohalobacter
Proteobacteria	Thiohalocapsa
Proteobacteria	Thiohalomonas
Proteobacteria	Thiohalophilus
Proteobacteria	Thiohalorhabdus
Proteobacteria	Thiohalospira
Proteobacteria	Thiolamprovum
Proteobacteria	Thiomargarita
Proteobacteria	Thiomicrospira
Proteobacteria	Thiomonas
Proteobacteria	Thiophaeococcus
Proteobacteria	Thioploca
Proteobacteria	Thioprofundum
Proteobacteria	Thioreductor
Proteobacteria	Thiorhodococcus
Proteobacteria	Thiorhodospira
Proteobacteria	Thiorhodovibrio
Proteobacteria	Thiothrix
Proteobacteria	Thiovirga
Proteobacteria	Thorsellia
Firmicutes	Tindallia
Firmicutes	Tissierella
Proteobacteria	Tistlia
Proteobacteria	Tistrella
Proteobacteria	Tolumonas
Actinobacteria	Tomitella
Proteobacteria	Trabulsiella
Proteobacteria	Tranquillimonas
Spirochaetes	Treponema
Firmicutes	Trichococcus
Cyanobacteria	Trichocoleus
Cyanobacteria	Trichodesmium
Cyanobacteria	Trichormus
Actinobacteria	Tropheryma
Proteobacteria	Tropicibacter
Proteobacteria	Tropicimonas
Deinococcus-Thermus	Truepera
Actinobacteria	Trueperella
Actinobacteria	Tsukamurella
Firmicutes	Tuberibacillus
Firmicutes	Tumebacillus
Bacteroidetes	Tunicatimonas
Actinobacteria	Turicella
Firmicutes	Turicibacter
Spirochaetes	Turneriella
Proteobacteria	Uliginosibacterium
Bacteroidetes	Ulvibacter
Proteobacteria	Umboniibacter
Actinobacteria	Umezawaea
Proteobacteria	Undibacterium
Tenericutes	Ureaplasma
Firmicutes	Ureibacillus
Proteobacteria	Uruburuella
Proteobacteria	Vadicella
Firmicutes	Vagococcus
Proteobacteria	Vampirovibrio
Actinobacteria	Varibaculum
Proteobacteria	Variovorax
Proteobacteria	Vasilyevaea
Firmicutes	Veillonella
Aquificae	Venenivibrio
Proteobacteria	Verminephrobacter
Verrucomicrobia	Verrucomicrobium
Actinobacteria	Verrucosispora
Proteobacteria	Vibrio
Lentisphaerae	Victivallis
Firmicutes	Virgibacillus
Actinobacteria	Virgisporangium
Firmicutes	Viridibacillus
Bacteroidetes	Vitellibacter
Proteobacteria	Vitreoscilla
Proteobacteria	Vogesella
Proteobacteria	Volucribacter
Firmicutes	Vulcanibacillus
Crenarchaeota	Vulcanisaeta
Deinococcus-Thermus	Vulcanithermus
Chlamydiae	Waddlia
Bacteroidetes	Wandonia
Bacteroidetes	Wautersiella
Bacteroidetes	Weeksella
Firmicutes	Weissella
Proteobacteria	Wenxinia
Proteobacteria	Wigglesworthia
Actinobacteria	Williamsia
Bacteroidetes	Winogradskyella
Proteobacteria	Wohlfahrtiimonas
Proteobacteria	Wolbachia
Proteobacteria	Wolinella
Proteobacteria	Woodsholea
Proteobacteria	Xanthobacter
Proteobacteria	Xanthomonas
Cyanobacteria	Xenococcus
Proteobacteria	Xenophilus
Proteobacteria	Xenorhabdus
Bacteroidetes	Xylanibacter
Actinobacteria	Xylanibacterium
Actinobacteria	Xylanimicrobium
Actinobacteria	Xylanimonas
Proteobacteria	Xylella
Proteobacteria	Xylophilus
Proteobacteria	Yangia
Actinobacteria	Yaniella
Bacteroidetes	Yeosuana
Proteobacteria	Yersinia
Actinobacteria	Yimella
Proteobacteria	Yokenella
Actinobacteria	Yonghaparkia
Planctomycetes	Zavarzinella
Bacteroidetes	Zeaxanthinibacter
Actinobacteria	Zhihengliuella
Bacteroidetes	Zhouia
Actinobacteria	Zimmermannella
Proteobacteria	Zobellella
Bacteroidetes	Zobellia
Proteobacteria	Zoogloea
Proteobacteria	Zooshikella
Bacteroidetes	Zunongwangia
Proteobacteria	Zymobacter
Proteobacteria	Zymomonas
Firmicutes	Zymophilus
Unknown	Unknown
Unclassified	Unclassified
Environmental	Environmental
	
